{
    "DAL": {
        "dataSource": [
            {
                "dataSourceName": "pnc_test_grab",
                "grabClassName": "ExternalMsgGrabDynamic",
                "collectorClassName": "CommonCollector",
                "enable": 1
            },
            {
                "dataSourceName": "sim_trigger_np",
                "connectTitleName": "sim_trigger/planner/np",
                "initialTaskName": "dds_data",
                "enable": 1,
                "enableSwitching": 0
            },
            {
                "dataSourceName": "sim_trigger_nop",
                "connectTitleName": "sim_trigger/planner/nop",
                "initialTaskName": "dds_data",
                "enable": 1,
                "enableSwitching": 0
            },
            {
                "dataSourceName": "sim_trigger_dynamic_map",
                "connectTitleName": "sim_trigger/planner/dynamic_map",
                "initialTaskName": "dds_data",
                "enable": 1,
                "enableSwitching": 0
            },
            {
                "dataSourceName": "sim_planner_state_restore",
                "connectTitleName": "sim/planner/state_restore",
                "initialTaskName": "dds_data",
                "enable": 1,
                "enableSwitching": 0
            },
            {
                "dataSourceName": "sim_planner_state_machine",
                "connectTitleName": "sim/planner/state_machine",
                "initialTaskName": "dds_data",
                "enable": 1,
                "enableSwitching": 0
            },
            {
                "dataSourceName": "sim_planner_scheduler",
                "connectTitleName": "sim/planner/scheduler",
                "initialTaskName": "dds_data",
                "enable": 1,
                "enableSwitching": 0
            },
            {
                "dataSourceName": "sim_planner_path",
                "connectTitleName": "sim/planner/path",
                "initialTaskName": "dds_data",
                "enable": 1,
                "enableSwitching": 0
            },
            {
                "dataSourceName": "sim_restore_trigger",
                "connectTitleName": "logsim/restore_trigger",
                "initialTaskName": "dds_data",
                "enable": 1,
                "enableSwitching": 0
            },
            {
                "dataSourceName": "sim_state_machine_restore_trigger",
                "connectTitleName": "logsim/state_machine_restore_trigger",
                "initialTaskName": "dds_data",
                "enable": 1,
                "enableSwitching": 0
            },
            {
                "dataSourceName": "perception_god_recall_objects",
                "connectTitleName": "common/perception/perception_objects_god_recall",
                "initialTaskName": "dds_data",
                "runTaskName": "dds_data",
                "enable": 1
            },
            {
                "dataSourceName": "MultisourceObjects",
                "connectTitleName": "common/perception/multisource_object",
                "initialTaskName": "dds_data",
                "runTaskName": "dds_data",
                "enable": 1
            },
            {
                "dataSourceName": "FunctionInfo",
                "connectTitleName": "common/diagnostic/fim/fault_function",
                "initialTaskName": "dds_data",
                "runTaskName": "dds_data",
                "enable": 1
            },
            {
                "dataSourceName": "ParkingOut",
                "connectTitleName": "np/apps/parking_outputs",
                "initialTaskName": "dds_data",
                "runTaskName": "dds_data",
                "enable": 1
            },
            {
                "dataSourceName": "SVCPerception",
                "connectTitleName": "common/perception/svc_perception",
                "initialTaskName": "dds_data",
                "runTaskName": "dds_data",
                "enable": 1
            },
            {
                "dataSourceName": "VehicleAdfFod",
                "connectTitleName": "common/platform/mcu_proxy/vehicle/vehicle_adf_fod",
                "initialTaskName": "dds_data",
                "runTaskName": "dds_data",
                "enable": 1
            },
            {
                "dataSourceName": "DcPnReqToAdc",
                "connectTitleName": "common/parking/pn_dc_info_to_adc",
                "initialTaskName": "dds_data",
                "runTaskName": "dds_data",
                "enable": 1
            },
            {
                "dataSourceName": "ModelOutput",
                "connectTitleName": "common/planner/inference_resp",
                "initialTaskName": "dds_data",
                "runTaskName": "dds_data",
                "enable": 1
            },
            {
                "dataSourceName": "SdMap",
                "connectTitleName": "common/map_engine/sd_map",
                "initialTaskName": "dds_data",
                "runTaskName": "dds_data",
                "enable": 1
            },
            {
                "dataSourceName": "TrafficLightDetection",
                "connectTitleName": "common/perception/vision_traffic_light",
                "initialTaskName": "dds_data",
                "runTaskName": "dds_data",
                "enable": 1
            },
            {
                "dataSourceName": "VisionRoadSignDetection",
                "connectTitleName": "common/perception/vision_road_sign",
                "initialTaskName": "dds_data",
                "runTaskName": "dds_data",
                "enable": 1
            },
            {
                "dataSourceName": "TrafficSignDetection",
                "connectTitleName": "common/perception/vision_traffic_sign",
                "initialTaskName": "dds_data",
                "runTaskName": "dds_data",
                "enable": 1
            },
            {
                "dataSourceName": "AppStateOut_Calibration",
                "connectTitleName": "common/cpu_multiplex/app_state_out_calibration",
                "initialTaskName": "dds_data",
                "runTaskName": "dds_data",
                "enable": 1
            },
            {
                "dataSourceName": "AppStateOut_DLB",
                "connectTitleName": "common/cpu_multiplex/app_state_out_dlb",
                "initialTaskName": "dds_data",
                "runTaskName": "dds_data",
                "enable": 1
            },
            {
                "dataSourceName": "AppStateOut_ParkingProcess",
                "connectTitleName": "common/cpu_multiplex/app_state_out_parking_process",
                "initialTaskName": "dds_data",
                "runTaskName": "dds_data",
                "enable": 1
            },
            {
                "dataSourceName": "AppStateOut_ParkingPlanning",
                "connectTitleName": "common/cpu_multiplex/app_state_out_parking_planning",
                "initialTaskName": "dds_data",
                "runTaskName": "dds_data",
                "enable": 1
            },
            {
                "dataSourceName": "AppStateOut_ParkingEnv",
                "connectTitleName": "common/cpu_multiplex/app_state_out_parking_env",
                "initialTaskName": "dds_data",
                "runTaskName": "dds_data",
                "enable": 1
            },
            {
                "dataSourceName": "AppStateOut_Arg",
                "connectTitleName": "common/cpu_multiplex/app_state_out_arg",
                "initialTaskName": "dds_data",
                "runTaskName": "dds_data",
                "enable": 1
            },
            {
                "dataSourceName": "AppStateOut_Desensitization",
                "connectTitleName": "common/cpu_multiplex/app_state_out_desensitization",
                "initialTaskName": "dds_data",
                "runTaskName": "dds_data",
                "enable": 1
            },
            {
                "dataSourceName": "APPStateBookParkingProcess",
                "connectTitleName": "common/cpu_multiplex/function_parking_process_out",
                "initialTaskName": "dds_data",
                "runTaskName": "dds_data",
                "enable": 1
            },
            {
                "dataSourceName": "HdLinkMap",
                "connectTitleName": "common/map_engine/hd_link_map",
                "initialTaskName": "dds_data",
                "runTaskName": "dds_data",
                "enable": 1
  
            },
            {
                "dataSourceName": "FusionAtlas",
                "connectTitleName": "common/perception/atlas",
                "initialTaskName": "dds_data",
                "runTaskName": "dds_data",
                "enable": 1
  
            }
        ],
        "exportData": [
            {
                "dataSourceName": "final_planner_path",
                "enable": 1
            },
            {
                "dataSourceName": "Routes",
                "enable": 1
            },
            {
                "dataSourceName": "perception_fusion_objects",
                "exportClassName": "CosineBusExportData",
                "enable": 1
            },
            {
                "dataSourceName": "PlannerLogInfo",
                "enable": 1
            },
            {
                "dataSourceName": "PlannerDebug",
                "enable": 1
            },
            {
                "dataSourceName": "PlannerDlbDebug",
                "enable": 1
            },
            {
                "dataSourceName": "PlannerEvaluation",
                "enable": 1
            },
            {
                "dataSourceName": "final_planner_scheduler",
                "enable": 1
            },
            {
                "dataSourceName": "StaticMapRequest",
                "enable": 1
            },
            {
                "dataSourceName": "NopSpeed",
                "enable": 1
            },
            {
                "dataSourceName": "PlannerState",
                "enable": 1
            },
            {
                "dataSourceName": "final_state_restore",
                "enable": 1
            },
            {
                "dataSourceName": "FctOut",
                "enable": 1
            },
            {
                "dataSourceName": "FCTDebugOut",
                "enable": 1
            },
            {
                "dataSourceName": "FCTDlbOut",
                "enable": 1
            },
            {
                "dataSourceName": "CruiseParkingToRouting",
                "enable": 1
            },
            {
                "dataSourceName": "final_state_machine",
                "enable": 1
            },
            {
                "dataSourceName": "PowerSwapPilotState",
                "enable": 1
            },
            {
                "dataSourceName": "PowerSwapPilotStateCompress",
                "enable": 1
            },
            {
                "dataSourceName": "ServiceAreaPointCloudMapRequest",
                "enable": 1
            },
            {
                "dataSourceName": "post_proc_np",
                "enable": 1
            },
            {
                "dataSourceName": "failed_proc_np",
                "enable": 1
            },
            {
                "dataSourceName": "post_proc_nop",
                "enable": 1
            },
            {
                "dataSourceName": "failed_proc_nop",
                "enable": 1
            },
            {
                "dataSourceName": "post_proc_dynamic_map",
                "enable": 1
            },
            {
                "dataSourceName": "failed_proc_dynamic_map",
                "enable": 1
            },
            {
                "dataSourceName": "AdcPnStatusToDc",
                "enable": 1
            },
            {
                "dataSourceName": "StateMachinetoWM",
                "enable": 1
            },
            {
                "dataSourceName": "ModelInput",
                "enable": 1
            },
            {
                "dataSourceName": "APPStateBookDAMain",
                "enable": 1
            },
            {
                "dataSourceName": "AppStateOut_PlannerStatus",
               "enable": 1
            },
            {
                "dataSourceName": "FaultCodes",
                "enable": 1
            }

        ],
        "exportConfig": [
            {
                "dataSourceName": "final_planner_path",
                "connectTitleName": "/planner/path"
            },
            {
                "dataSourceName": "Routes",
                "connectTitleName": "/planner/routes"
            },
            {
                "dataSourceName": "perception_fusion_objects",
                "connectTitleName": "/perception/predicted_objects"
            },
            {
                "dataSourceName": "PlannerLogInfo",
                "connectTitleName": "/planner/logs"
            },
            {
                "dataSourceName": "PlannerDebug",
                "connectTitleName": "/planner/debug_info"
            },
            {
                "dataSourceName": "PlannerDlbDebug",
                "connectTitleName": "/planner/dlb_debug_info"
            },
            {
                "dataSourceName": "PlannerEvaluation",
                "connectTitleName": "/planner/evaluation"
            },
            {
                "dataSourceName": "final_planner_scheduler",
                "connectTitleName": "/planner/scheduler"
            },
            {
                "dataSourceName": "NopSpeed",
                "connectTitleName": "common/nop/nop_speed"
            },
            {
                "dataSourceName": "PlannerState",
                "connectTitleName": "/planner/state"
            },
            {
                "dataSourceName": "final_state_restore",
                "connectTitleName": "/planner/state_restore"
            },
            {
                "dataSourceName": "FctOut",
                "connectTitleName": "np/apps/fct_planner_out"
            },
            {
                "dataSourceName": "FCTDebugOut",
                "connectTitleName": "np/debug/dgb_fct"
            },
            {
                "dataSourceName": "FCTDlbOut",
                "connectTitleName": "np/apps/fct_dlb"
            },
            {
                "dataSourceName": "CruiseParkingToRouting",
                "connectTitleName": "common/parking/cruise_parking_to_routing"
            },
            {
                "dataSourceName": "final_state_machine",
                "connectTitleName": "/planner/state_machine"
            },
            {
                "dataSourceName": "PowerSwapPilotState",
                "connectTitleName": "common/nop/task_scheduler/power_swap_pilot_state"
            },
            {
                "dataSourceName": "PowerSwapPilotStateCompress",
                "connectTitleName": "common/nop/task_scheduler/power_swap_pilot_state_compress"
            },
            {
                "dataSourceName": "ServiceAreaPointCloudMapRequest",
                "connectTitleName": "common/nop/task_scheduler/service_area_point_cloud_map_request"
            },
            {
                "dataSourceName": "post_proc_np",
                "connectTitleName": "planner/np/post_proc"
            },
            {
                "dataSourceName": "failed_proc_np",
                "connectTitleName": "planner/np/failed_proc"
            },
            {
                "dataSourceName": "post_proc_nop",
                "connectTitleName": "planner/nop/post_proc"
            },
            {
                "dataSourceName": "failed_proc_nop",
                "connectTitleName": "planner/nop/failed_proc"
            },
            {
                "dataSourceName": "post_proc_dynamic_map",
                "connectTitleName": "planner/dynamic_map/post_proc"
            },
            {
                "dataSourceName": "failed_proc_dynamic_map",
                "connectTitleName": "planner/dynamic_map/failed_proc"
            },
            {
                "dataSourceName": "AdcPnStatusToDc",
                "connectTitleName": "common/parking/pn_adc_info_to_dc"
            },
            {
                "dataSourceName": "StateMachinetoWM",
                "connectTitleName": "common/planner/state_machine_to_wm"
            },
            {
                "dataSourceName": "ModelInput",
                "connectTitleName": "common/planner/inference_req"
            },
            {
                "dataSourceName": "APPStateBookDAMain",
                "connectTitleName": "common/cpu_multiplex/function_da_main_out"
            },
            {
                "dataSourceName": "AppStateOut_PlannerStatus",
                "connectTitleName": "common/cpu_multiplex/app_state_out_planner"
            },     
            {
                "dataSourceName": "FaultCodes",
                "connectTitleName": "common/diagnostic/fault/fault_code"
            }
        ],
        "exportPoolSize": 8
    }
}
