{
    "DAL": {
        "dataSource": [
            {
                "dataSourceName": "CarState",
                "connectTitleName": "/canbus/car_state",
                "initialTaskName": "dds_data",
                "enable": 1
            },
            {
                "dataSourceName": "DrvInfo",
                "connectTitleName": "common/vehicle_in/veh_drv",
                "initialTaskName": "dds_data",
                "enable": 1
            },
            {
                "dataSourceName": "PerceptionObjects",
                "connectTitleName": "/perception/fusion_objects",
                "initialTaskName": "dds_data",
                "enable": 1
            },
            {
                "dataSourceName": "PerceptionSignalsResponse",
                "connectTitleName": "/perception/trafficlight",
                "initialTaskName": "dds_data",
                "enable": 1
            },
            {
                "dataSourceName": "OccupancyGridMap",
                "connectTitleName": "common/avp/semantic_occupancy_grid",
                "initialTaskName": "dds_data",
                "enable": 1
            },
            {
                "dataSourceName": "StaticMap",
                "connectTitleName": "/world_model/static_map",
                "initialTaskName": "dds_data",
                "enable": 1
            },
            {
                "dataSourceName": "DynamicMap",
                "connectTitleName": "/world_model/dynamic_map",
                "initialTaskName": "dds_data",
                "enable": 1
            },
            {
                "dataSourceName": "TrafficCongestionInfo",
                "connectTitleName": "/world_model/traffic_info",
                "initialTaskName": "dds_data",
                "enable": 1
            },
            {
                "dataSourceName": "Features",
                "connectTitleName": "common/perception/vision_feature_flag",
                "initialTaskName": "dds_data",
                "enable": 1
            },
            {
                "dataSourceName": "FailSafeDetection",
                "connectTitleName": "common/perception/vision_failsafe",
                "initialTaskName": "dds_data",
                "enable": 1
            },
            {
                "dataSourceName": "Lidar_FailSafeDetection",
                "connectTitleName": "common/perception/lidar_failsafe",
                "initialTaskName": "dds_data",
                "enable": 1
            },
            {
                "dataSourceName": "CarInfo",
                "connectTitleName": "/canbus/car_info",
                "initialTaskName": "dds_data",
                "enable": 1
            },
            {
                "dataSourceName": "ObjectsDetection",
                "connectTitleName": "common/perception/perception_objects",
                "initialTaskName": "dds_data",
                "enable": 1
            },
            {
                "dataSourceName": "RadarSensor",
                "connectTitleName": "common/perception/radar_object",
                "initialTaskName": "dds_data",
                "enable": 1
            },
            {
                "dataSourceName": "RoadDetection",
                "connectTitleName": "common/perception/vision_road_detection",
                "initialTaskName": "dds_data",
                "enable": 1
            },
            {
                "dataSourceName": "EHYEvdOutputs",
                "connectTitleName": "np/apps/ehy_evd_outputs",
                "initialTaskName": "dds_data",
                "enable": 1
            },
            {
                "dataSourceName": "EHYHaOutputs",
                "connectTitleName": "np/apps/ehy_ha_outputs",
                "initialTaskName": "dds_data",
                "enable": 1
            },
            {
                "dataSourceName": "EHYLppOutputs",
                "connectTitleName": "np/apps/ehy_lpp_outputs",
                "initialTaskName": "dds_data",
                "enable": 1
            },
            {
                "dataSourceName": "EHYRmeOutputs",
                "connectTitleName": "np/apps/ehy_rme_road_outputs",
                "initialTaskName": "dds_data",
                "enable": 1
            },
            {
                "dataSourceName": "EHYTppOutputs",
                "connectTitleName": "np/apps/ehy_tpp_outputs",
                "initialTaskName": "dds_data",
                "enable": 1
            },
            {
                "dataSourceName": "EHYTsiOutputs",
                "connectTitleName": "np/apps/ehy_tsi_outputs",
                "initialTaskName": "dds_data",
                "enable": 1
            },
            {
                "dataSourceName": "EHYTseOutputs",
                "connectTitleName": "np/apps/ehy_tse_outputs",
                "initialTaskName": "dds_data",
                "enable": 1
            },
            {
                "dataSourceName": "CameraFimInfo",
                "connectTitleName": "common/diagnostic/fim/fim_cameras",
                "initialTaskName": "dds_data",
                "enable": 1
            },
            {
                "dataSourceName": "FimCanInfo",
                "connectTitleName": "common/diagnostic/fim/fim_can",
                "initialTaskName": "dds_data",
                "enable": 1
            },
            {
                "dataSourceName": "FimSoftwareInfo",
                "connectTitleName": "common/diagnostic/fim/fim_software",
                "initialTaskName": "dds_data",
                "enable": 1
            },
            {
                "dataSourceName": "CanFeatureFimInfo",
                "connectTitleName": "common/diagnostic/fim/fim_can_feature",
                "initialTaskName": "dds_data",
                "enable": 1
            },
            {
                "dataSourceName": "PowerFimInfo",
                "connectTitleName": "common/diagnostic/fim/fim_power_rail",
                "initialTaskName": "dds_data",
                "enable": 1
            },
            {
                "dataSourceName": "MCUWithSOCFimInfo",
                "connectTitleName": "common/diagnostic/fim/fim_mcuwithsoc_can",
                "initialTaskName": "dds_data",
                "enable": 1
            },
            {
                "dataSourceName": "McuSystemFimInfo",
                "connectTitleName": "common/diagnostic/fim/fim_mcu_system",
                "initialTaskName": "dds_data",
                "enable": 1
            },
            {
                "dataSourceName": "LidarFimInfo",
                "connectTitleName": "common/diagnostic/fim/fim_lidar",
                "initialTaskName": "dds_data",
                "enable": 1
            },
            {
                "dataSourceName": "PerceptionFimInfo",
                "connectTitleName": "common/diagnostic/fim/fim_perception",
                "initialTaskName": "dds_data",
                "enable": 1
            },
            {
                "dataSourceName": "DMS_DA",
                "connectTitleName": "common/dms/dms_drive_assist",
                "initialTaskName": "dds_data",
                "enable": 1
            },
            {
                "dataSourceName": "DMS_Result",
                "connectTitleName": "common/dms/dms_result",
                "initialTaskName": "dds_data",
                "enable": 1
            },
            {
                "dataSourceName": "FunctionRequestBook",
                "connectTitleName": "common/function_arb/function_arb_out",
                "initialTaskName": "dds_data",
                "enable": 1
            },
            {
                "dataSourceName": "VehVariantCode",
                "connectTitleName": "common/platform/mcu_proxy/vehicle/vehicle_variant_code",
                "initialTaskName": "dds_data",
                "enable": 1
            },
            {
                "dataSourceName": "AdasMap",
                "connectTitleName": "np/apps/road_model_adasmap",
                "initialTaskName": "dds_data",
                "enable": 1
            },
            {
                "dataSourceName": "NopSpeedLimitValue",
                "connectTitleName": "common/nop/nop_speedlimitvalue",
                "initialTaskName": "dds_data",
                "enable": 1
            },
            {
                "dataSourceName": "IlluminanceFeatures",
                "connectTitleName": "common/perception/vision_illumnance_flag",
                "initialTaskName": "dds_data",
                "enable": 1
            },
            {
                "dataSourceName": "LidarInternalFaultInfo",
                "connectTitleName": "common/diagnostic/fault/fault_lidar_internal",
                "initialTaskName": "dds_data",
                "enable": 1
            },
            {
                "dataSourceName": "CfgTaskSwitch",
                "connectTitleName": "common/cfgmgr/cfg_task_switch",
                "initialTaskName": "dds_data",
                "enable": 1
            },
            {
                "dataSourceName": "FctsOut",
                "connectTitleName": "np/apps/fcts_out",
                "initialTaskName": "dds_data",
                "enable": 1
            },
            {
                "dataSourceName": "ADMS",
                "connectTitleName": "common/dms/adms",
                "initialTaskName": "dds_data",
                "enable": 1
            },
            {
                "dataSourceName": "GlobalLocalization",
                "connectTitleName": "common/localization/global_localization",
                "initialTaskName": "dds_data",
                "enable": 1
            },
            {
                "dataSourceName": "ADS",
                "connectTitleName": "common/vehicle_out/ads",
                "initialTaskName": "dds_data",
                "enable": 1
            },
            {
                "dataSourceName": "MockStringCmd",
                "connectTitleName": "planner/mock_map_mode_condition",
                "initialTaskName": "dds_data",
                "enable": 1
            },
            {
                "dataSourceName": "ControlCommand",
                "connectTitleName": "/control/control_command",
                "initialTaskName": "dds_data",
                "enable": 1
            },
            {
                "dataSourceName": "TaskExecutationStatus",
                "connectTitleName": "mock_task_executation_statue",
                "initialTaskName": "dds_data",
                "enable": 1
            },
            {
                "dataSourceName": "PowerSwapPilotEventCompress",
                "connectTitleName": "common/nop/task_scheduler/power_swap_pilot_event_compress",
                "initialTaskName": "dds_data",
                "enable": 1
            },
            {
                "dataSourceName": "ServiceAreaPointCloudMapResponse",
                "connectTitleName": "common/nop/task_scheduler/service_area_point_cloud_map_response",
                "initialTaskName": "dds_data",
                "enable": 1
            }
        ],
        "exportData": [
            {
                "dataSourceName": "Path",
                "enable": 1
            },
            {
                "dataSourceName": "Routes",
                "enable": 1
            },
            {
                "dataSourceName": "perception_fusion_objects",
                "connectTitleName": "/perception/predicted_objects",
                "enable": 1
            },
            {
                "dataSourceName": "PlannerLogInfo",
                "enable": 1
            },
            {
                "dataSourceName": "PlannerDebug",
                "enable": 1
            },
            {
                "dataSourceName": "PlannerEvaluation",
                "enable": 1
            },
            {
                "dataSourceName": "PlannerScheduler",
                "enable": 1
            },
            {
                "dataSourceName": "StaticMapRequest",
                "enable": 1
            },
            {
                "dataSourceName": "NopSpeed",
                "enable": 1
            },
            {
                "dataSourceName": "PlannerState",
                "enable": 1
            },
            {
                "dataSourceName": "FctOut",
                "enable": 1
            },
            {
                "dataSourceName": "FCTDebugOut",
                "enable": 1
            },
            {
                "dataSourceName": "FCTDlbOut",
                "enable": 1
            },
            {
                "dataSourceName": "CruiseParkingToRouting",
                "enable": 1
            },
            {
                "dataSourceName": "StateMachine",
                "enable": 1
            },
            {
                "dataSourceName": "PowerSwapPilotState",
                "enable": 1
            },
            {
                "dataSourceName": "PowerSwapPilotStateCompress",
                "enable": 1
            },
            {
                "dataSourceName": "ServiceAreaPointCloudMapRequest",
                "enable": 1
            }
        ],
        "exportConfig": [
            {
                "dataSourceName": "Path",
                "connectTitleName": "/planner/path"
            },
            {
                "dataSourceName": "Routes",
                "connectTitleName": "/planner/routes"
            },
            {
                "dataSourceName": "perception_fusion_objects",
                "connectTitleName": "/perception/predicted_objects"
            },
            {
                "dataSourceName": "PlannerLogInfo",
                "connectTitleName": "/planner/logs"
            },
            {
                "dataSourceName": "PlannerDebug",
                "connectTitleName": "/planner/debug_info"
            },
            {
                "dataSourceName": "PlannerEvaluation",
                "connectTitleName": "/planner/evaluation"
            },
            {
                "dataSourceName": "PlannerScheduler",
                "connectTitleName": "/planner/scheduler"
            },
            {
                "dataSourceName": "NopSpeed",
                "connectTitleName": "common/nop/nop_speed"
            },
            {
                "dataSourceName": "PlannerState",
                "connectTitleName": "/planner/state"
            },
            {
                "dataSourceName": "FctOut",
                "connectTitleName": "np/apps/fct_planner_out"
            },
            {
                "dataSourceName": "FCTDebugOut",
                "connectTitleName": "np/debug/dgb_fct"
            },
            {
                "dataSourceName": "FCTDlbOut",
                "connectTitleName": "np/apps/fct_dlb"
            },
            {
                "dataSourceName": "CruiseParkingToRouting",
                "connectTitleName": "common/parking/cruise_parking_to_routing"
            },
            {
                "dataSourceName": "StateMachine",
                "connectTitleName": "/planner/state_machine"
            },
            {
                "dataSourceName": "PowerSwapPilotState",
                "connectTitleName": "common/nop/task_scheduler/power_swap_pilot_state"
            },
            {
                "dataSourceName": "PowerSwapPilotStateCompress",
                "connectTitleName": "common/nop/task_scheduler/power_swap_pilot_state_compress"
            },
            {
                "dataSourceName": "ServiceAreaPointCloudMapRequest",
                "connectTitleName": "common/nop/task_scheduler/service_area_point_cloud_map_request"
            }
        ],
        "exportPoolSize": 8
    }
}
